<?xml version="1.0" encoding="UTF-8"?>
<frame>
  <cameras>
    <camera camera_id="0">
      <photo path="../../../1.JPG">
        <meta>
          <property name="Exif/GPSAltitude" value="11.3000001907367"/>
          <property name="Exif/GPSLatitude" value="40.3030120736812"/>
          <property name="Exif/GPSLongitude" value="74.6363584901607"/>
          <property name="File/ImageHeight" value="1080"/>
          <property name="File/ImageWidth" value="1920"/>
          <property name="System/FileModifyDate" value="2019:03:11 11:10:06"/>
          <property name="System/FileSize" value="738442"/>
        </meta>
      </photo>
    </camera>
    <camera camera_id="11">
      <photo path="../../../2.JPG">
        <meta>
          <property name="Exif/GPSAltitude" value="11.3000001907367"/>
          <property name="Exif/GPSLatitude" value="40.3030122019961"/>
          <property name="Exif/GPSLongitude" value="74.6363578503174"/>
          <property name="File/ImageHeight" value="1080"/>
          <property name="File/ImageWidth" value="1920"/>
          <property name="System/FileModifyDate" value="2019:03:11 11:10:06"/>
          <property name="System/FileSize" value="700905"/>
        </meta>
      </photo>
    </camera>
    <camera camera_id="22">
      <photo path="../../../3.JPG">
        <meta>
          <property name="Exif/GPSAltitude" value="11.3000001907367"/>
          <property name="Exif/GPSLatitude" value="40.3030129051786"/>
          <property name="Exif/GPSLongitude" value="74.6363576328079"/>
          <property name="File/ImageHeight" value="1080"/>
          <property name="File/ImageWidth" value="1920"/>
          <property name="System/FileModifyDate" value="2019:03:11 11:10:07"/>
          <property name="System/FileSize" value="736277"/>
        </meta>
      </photo>
    </camera>
    <camera camera_id="33">
      <photo path="../../../4.JPG">
        <meta>
          <property name="Exif/GPSAltitude" value="11.3000001907367"/>
          <property name="Exif/GPSLatitude" value="40.3030145039478"/>
          <property name="Exif/GPSLongitude" value="74.6363570402299"/>
          <property name="File/ImageHeight" value="1080"/>
          <property name="File/ImageWidth" value="1920"/>
          <property name="System/FileModifyDate" value="2019:03:11 11:10:07"/>
          <property name="System/FileSize" value="757311"/>
        </meta>
      </photo>
    </camera>
    <camera camera_id="44">
      <photo path="../../../5.JPG">
        <meta>
          <property name="Exif/GPSAltitude" value="11.3000001907367"/>
          <property name="Exif/GPSLatitude" value="40.3030309282925"/>
          <property name="Exif/GPSLongitude" value="74.6363549726607"/>
          <property name="File/ImageHeight" value="1080"/>
          <property name="File/ImageWidth" value="1920"/>
          <property name="System/FileModifyDate" value="2019:03:11 11:10:07"/>
          <property name="System/FileSize" value="804850"/>
        </meta>
      </photo>
    </camera>
    <camera camera_id="55">
      <photo path="../../../6.JPG">
        <meta>
          <property name="Exif/GPSAltitude" value="11.3000001907367"/>
          <property name="Exif/GPSLatitude" value="40.3030392956582"/>
          <property name="Exif/GPSLongitude" value="74.6363524509223"/>
          <property name="File/ImageHeight" value="1080"/>
          <property name="File/ImageWidth" value="1920"/>
          <property name="System/FileModifyDate" value="2019:03:11 11:10:08"/>
          <property name="System/FileSize" value="514187"/>
        </meta>
      </photo>
    </camera>
    <camera camera_id="62">
      <photo path="../../../7.JPG">
        <meta>
          <property name="Exif/GPSAltitude" value="11.3999996185303"/>
          <property name="Exif/GPSLatitude" value="40.3030433312526"/>
          <property name="Exif/GPSLongitude" value="74.6363513488646"/>
          <property name="File/ImageHeight" value="1080"/>
          <property name="File/ImageWidth" value="1920"/>
          <property name="System/FileModifyDate" value="2019:03:11 11:10:08"/>
          <property name="System/FileSize" value="548938"/>
        </meta>
      </photo>
    </camera>
    <camera camera_id="63">
      <photo path="../../../8.JPG">
        <meta>
          <property name="Exif/GPSAltitude" value="11.3999996185303"/>
          <property name="Exif/GPSLatitude" value="40.3030477799709"/>
          <property name="Exif/GPSLongitude" value="74.6363499265183"/>
          <property name="File/ImageHeight" value="1080"/>
          <property name="File/ImageWidth" value="1920"/>
          <property name="System/FileModifyDate" value="2019:03:11 11:10:08"/>
          <property name="System/FileSize" value="604510"/>
        </meta>
      </photo>
    </camera>
    <camera camera_id="64">
      <photo path="../../../9.JPG">
        <meta>
          <property name="Exif/GPSAltitude" value="11.3999996185303"/>
          <property name="Exif/GPSLatitude" value="40.3030503908431"/>
          <property name="Exif/GPSLongitude" value="74.6363484089935"/>
          <property name="File/ImageHeight" value="1080"/>
          <property name="File/ImageWidth" value="1920"/>
          <property name="System/FileModifyDate" value="2019:03:11 11:10:09"/>
          <property name="System/FileSize" value="769837"/>
        </meta>
      </photo>
    </camera>
    <camera camera_id="1">
      <photo path="../../../10.JPG">
        <meta>
          <property name="Exif/GPSAltitude" value="11.3999996185303"/>
          <property name="Exif/GPSLatitude" value="40.3030526793221"/>
          <property name="Exif/GPSLongitude" value="74.6363491481807"/>
          <property name="File/ImageHeight" value="1080"/>
          <property name="File/ImageWidth" value="1920"/>
          <property name="System/FileModifyDate" value="2019:03:11 11:10:09"/>
          <property name="System/FileSize" value="764642"/>
        </meta>
      </photo>
    </camera>
    <camera camera_id="2">
      <photo path="../../../11.JPG">
        <meta>
          <property name="Exif/GPSAltitude" value="11.3999996185303"/>
          <property name="Exif/GPSLatitude" value="40.3030550373134"/>
          <property name="Exif/GPSLongitude" value="74.6363516496846"/>
          <property name="File/ImageHeight" value="1080"/>
          <property name="File/ImageWidth" value="1920"/>
          <property name="System/FileModifyDate" value="2019:03:11 11:10:09"/>
          <property name="System/FileSize" value="715075"/>
        </meta>
      </photo>
    </camera>
    <camera camera_id="3">
      <photo path="../../../12.JPG">
        <meta>
          <property name="Exif/GPSAltitude" value="11.3999996185303"/>
          <property name="Exif/GPSLatitude" value="40.3030565418072"/>
          <property name="Exif/GPSLongitude" value="74.6363597051377"/>
          <property name="File/ImageHeight" value="1080"/>
          <property name="File/ImageWidth" value="1920"/>
          <property name="System/FileModifyDate" value="2019:03:11 11:10:10"/>
          <property name="System/FileSize" value="697400"/>
        </meta>
      </photo>
    </camera>
    <camera camera_id="4">
      <photo path="../../../13.JPG">
        <meta>
          <property name="Exif/GPSAltitude" value="11.3000001907367"/>
          <property name="Exif/GPSLatitude" value="40.3030544347306"/>
          <property name="Exif/GPSLongitude" value="74.6363791627283"/>
          <property name="File/ImageHeight" value="1080"/>
          <property name="File/ImageWidth" value="1920"/>
          <property name="System/FileModifyDate" value="2019:03:11 11:10:10"/>
          <property name="System/FileSize" value="707873"/>
        </meta>
      </photo>
    </camera>
    <camera camera_id="5">
      <photo path="../../../14.JPG">
        <meta>
          <property name="Exif/GPSAltitude" value="11.3000001907367"/>
          <property name="Exif/GPSLatitude" value="40.303045852739"/>
          <property name="Exif/GPSLongitude" value="74.6363977625658"/>
          <property name="File/ImageHeight" value="1080"/>
          <property name="File/ImageWidth" value="1920"/>
          <property name="System/FileModifyDate" value="2019:03:11 11:10:11"/>
          <property name="System/FileSize" value="716084"/>
        </meta>
      </photo>
    </camera>
    <camera camera_id="6">
      <photo path="../../../15.JPG">
        <meta>
          <property name="Exif/GPSAltitude" value="11.3999996185303"/>
          <property name="Exif/GPSLatitude" value="40.3030337388944"/>
          <property name="Exif/GPSLongitude" value="74.636411738754"/>
          <property name="File/ImageHeight" value="1080"/>
          <property name="File/ImageWidth" value="1920"/>
          <property name="System/FileModifyDate" value="2019:03:11 11:10:11"/>
          <property name="System/FileSize" value="710081"/>
        </meta>
      </photo>
    </camera>
    <camera camera_id="7">
      <photo path="../../../16.JPG">
        <meta>
          <property name="Exif/GPSAltitude" value="11.5"/>
          <property name="Exif/GPSLatitude" value="40.3030214579659"/>
          <property name="Exif/GPSLongitude" value="74.6364187520246"/>
          <property name="File/ImageHeight" value="1080"/>
          <property name="File/ImageWidth" value="1920"/>
          <property name="System/FileModifyDate" value="2019:03:11 11:10:11"/>
          <property name="System/FileSize" value="681533"/>
        </meta>
      </photo>
    </camera>
    <camera camera_id="8">
      <photo path="../../../17.JPG">
        <meta>
          <property name="Exif/GPSAltitude" value="11.5"/>
          <property name="Exif/GPSLatitude" value="40.3030042593275"/>
          <property name="Exif/GPSLongitude" value="74.6364181543594"/>
          <property name="File/ImageHeight" value="1080"/>
          <property name="File/ImageWidth" value="1920"/>
          <property name="System/FileModifyDate" value="2019:03:11 11:10:12"/>
          <property name="System/FileSize" value="571302"/>
        </meta>
      </photo>
    </camera>
    <camera camera_id="9">
      <photo path="../../../18.JPG">
        <meta>
          <property name="Exif/GPSAltitude" value="11.3999996185303"/>
          <property name="Exif/GPSLatitude" value="40.3029850932493"/>
          <property name="Exif/GPSLongitude" value="74.6364072540552"/>
          <property name="File/ImageHeight" value="1080"/>
          <property name="File/ImageWidth" value="1920"/>
          <property name="System/FileModifyDate" value="2019:03:11 11:10:12"/>
          <property name="System/FileSize" value="580978"/>
        </meta>
      </photo>
    </camera>
    <camera camera_id="10">
      <photo path="../../../19.JPG">
        <meta>
          <property name="Exif/GPSAltitude" value="11.3000001907367"/>
          <property name="Exif/GPSLatitude" value="40.3029721842892"/>
          <property name="Exif/GPSLongitude" value="74.6363921581448"/>
          <property name="File/ImageHeight" value="1080"/>
          <property name="File/ImageWidth" value="1920"/>
          <property name="System/FileModifyDate" value="2019:03:11 11:10:12"/>
          <property name="System/FileSize" value="599341"/>
        </meta>
      </photo>
    </camera>
    <camera camera_id="12">
      <photo path="../../../20.JPG">
        <meta>
          <property name="Exif/GPSAltitude" value="11.3999996185303"/>
          <property name="Exif/GPSLatitude" value="40.3029653001551"/>
          <property name="Exif/GPSLongitude" value="74.6363692928253"/>
          <property name="File/ImageHeight" value="1080"/>
          <property name="File/ImageWidth" value="1920"/>
          <property name="System/FileModifyDate" value="2019:03:11 11:10:13"/>
          <property name="System/FileSize" value="621328"/>
        </meta>
      </photo>
    </camera>
    <camera camera_id="13">
      <photo path="../../../21.JPG">
        <meta>
          <property name="Exif/GPSAltitude" value="11.3999996185303"/>
          <property name="Exif/GPSLatitude" value="40.302965322056"/>
          <property name="Exif/GPSLongitude" value="74.63634171187"/>
          <property name="File/ImageHeight" value="1080"/>
          <property name="File/ImageWidth" value="1920"/>
          <property name="System/FileModifyDate" value="2019:03:11 11:10:13"/>
          <property name="System/FileSize" value="597005"/>
        </meta>
      </photo>
    </camera>
    <camera camera_id="14">
      <photo path="../../../22.JPG">
        <meta>
          <property name="Exif/GPSAltitude" value="11.3000001907367"/>
          <property name="Exif/GPSLatitude" value="40.3029717870612"/>
          <property name="Exif/GPSLongitude" value="74.6363217900063"/>
          <property name="File/ImageHeight" value="1080"/>
          <property name="File/ImageWidth" value="1920"/>
          <property name="System/FileModifyDate" value="2019:03:11 11:10:13"/>
          <property name="System/FileSize" value="616887"/>
        </meta>
      </photo>
    </camera>
    <camera camera_id="15">
      <photo path="../../../23.JPG">
        <meta>
          <property name="Exif/GPSAltitude" value="11.3999996185303"/>
          <property name="Exif/GPSLatitude" value="40.302989964482"/>
          <property name="Exif/GPSLongitude" value="74.636300529392"/>
          <property name="File/ImageHeight" value="1080"/>
          <property name="File/ImageWidth" value="1920"/>
          <property name="System/FileModifyDate" value="2019:03:11 11:10:14"/>
          <property name="System/FileSize" value="623270"/>
        </meta>
      </photo>
    </camera>
    <camera camera_id="16">
      <photo path="../../../24.JPG">
        <meta>
          <property name="Exif/GPSAltitude" value="11.3999996185303"/>
          <property name="Exif/GPSLatitude" value="40.3030070625684"/>
          <property name="Exif/GPSLongitude" value="74.6362934586939"/>
          <property name="File/ImageHeight" value="1080"/>
          <property name="File/ImageWidth" value="1920"/>
          <property name="System/FileModifyDate" value="2019:03:11 11:10:14"/>
          <property name="System/FileSize" value="617558"/>
        </meta>
      </photo>
    </camera>
    <camera camera_id="17">
      <photo path="../../../25.JPG">
        <meta>
          <property name="Exif/GPSAltitude" value="11.5"/>
          <property name="Exif/GPSLatitude" value="40.3030267504161"/>
          <property name="Exif/GPSLongitude" value="74.6362980500795"/>
          <property name="File/ImageHeight" value="1080"/>
          <property name="File/ImageWidth" value="1920"/>
          <property name="System/FileModifyDate" value="2019:03:11 11:10:14"/>
          <property name="System/FileSize" value="590737"/>
        </meta>
      </photo>
    </camera>
    <camera camera_id="18">
      <photo path="../../../26.JPG">
        <meta>
          <property name="Exif/GPSAltitude" value="11.6000003814697"/>
          <property name="Exif/GPSLatitude" value="40.3030415013227"/>
          <property name="Exif/GPSLongitude" value="74.6363084191194"/>
          <property name="File/ImageHeight" value="1080"/>
          <property name="File/ImageWidth" value="1920"/>
          <property name="System/FileModifyDate" value="2019:03:11 11:10:15"/>
          <property name="System/FileSize" value="596050"/>
        </meta>
      </photo>
    </camera>
    <camera camera_id="19">
      <photo path="../../../27.JPG">
        <meta>
          <property name="Exif/GPSAltitude" value="11.3000001907367"/>
          <property name="Exif/GPSLatitude" value="40.3030524509804"/>
          <property name="Exif/GPSLongitude" value="74.6363249824696"/>
          <property name="File/ImageHeight" value="1080"/>
          <property name="File/ImageWidth" value="1920"/>
          <property name="System/FileModifyDate" value="2019:03:11 11:10:15"/>
          <property name="System/FileSize" value="615997"/>
        </meta>
      </photo>
    </camera>
    <camera camera_id="20">
      <photo path="../../../28.JPG">
        <meta>
          <property name="Exif/GPSAltitude" value="11.1000003814625"/>
          <property name="Exif/GPSLatitude" value="40.3030572640811"/>
          <property name="Exif/GPSLongitude" value="74.6363429056592"/>
          <property name="File/ImageHeight" value="1080"/>
          <property name="File/ImageWidth" value="1920"/>
          <property name="System/FileModifyDate" value="2019:03:11 11:10:16"/>
          <property name="System/FileSize" value="664630"/>
        </meta>
      </photo>
    </camera>
    <camera camera_id="21">
      <photo path="../../../29.JPG">
        <meta>
          <property name="Exif/GPSAltitude" value="11.1000003814625"/>
          <property name="Exif/GPSLatitude" value="40.3030563081952"/>
          <property name="Exif/GPSLongitude" value="74.6363660090841"/>
          <property name="File/ImageHeight" value="1080"/>
          <property name="File/ImageWidth" value="1920"/>
          <property name="System/FileModifyDate" value="2019:03:11 11:10:16"/>
          <property name="System/FileSize" value="661877"/>
        </meta>
      </photo>
    </camera>
    <camera camera_id="23">
      <photo path="../../../30.JPG">
        <meta>
          <property name="Exif/GPSAltitude" value="11.1000003814625"/>
          <property name="Exif/GPSLatitude" value="40.3030542160605"/>
          <property name="Exif/GPSLongitude" value="74.6363684747393"/>
          <property name="File/ImageHeight" value="1080"/>
          <property name="File/ImageWidth" value="1920"/>
          <property name="System/FileModifyDate" value="2019:03:11 11:10:16"/>
          <property name="System/FileSize" value="702665"/>
        </meta>
      </photo>
    </camera>
    <camera camera_id="24">
      <photo path="../../../31.JPG">
        <meta>
          <property name="Exif/GPSAltitude" value="11.3000001907367"/>
          <property name="Exif/GPSLatitude" value="40.3030521904063"/>
          <property name="Exif/GPSLongitude" value="74.6363699457349"/>
          <property name="File/ImageHeight" value="1080"/>
          <property name="File/ImageWidth" value="1920"/>
          <property name="System/FileModifyDate" value="2019:03:11 11:10:17"/>
          <property name="System/FileSize" value="705786"/>
        </meta>
      </photo>
    </camera>
    <camera camera_id="25">
      <photo path="../../../32.JPG">
        <meta>
          <property name="Exif/GPSAltitude" value="11.8000001907349"/>
          <property name="Exif/GPSLatitude" value="40.3030506041792"/>
          <property name="Exif/GPSLongitude" value="74.6363707482993"/>
          <property name="File/ImageHeight" value="1080"/>
          <property name="File/ImageWidth" value="1920"/>
          <property name="System/FileModifyDate" value="2019:03:11 11:10:17"/>
          <property name="System/FileSize" value="720767"/>
        </meta>
      </photo>
    </camera>
    <camera camera_id="26">
      <photo path="../../../33.JPG">
        <meta>
          <property name="Exif/GPSAltitude" value="13.6000003814697"/>
          <property name="Exif/GPSLatitude" value="40.3030489778724"/>
          <property name="Exif/GPSLongitude" value="74.6363699307998"/>
          <property name="File/ImageHeight" value="1080"/>
          <property name="File/ImageWidth" value="1920"/>
          <property name="System/FileModifyDate" value="2019:03:11 11:10:17"/>
          <property name="System/FileSize" value="484857"/>
        </meta>
      </photo>
    </camera>
    <camera camera_id="27">
      <photo path="../../../34.JPG">
        <meta>
          <property name="Exif/GPSAltitude" value="14.699999809267"/>
          <property name="Exif/GPSLatitude" value="40.3030476271378"/>
          <property name="Exif/GPSLongitude" value="74.6363693310181"/>
          <property name="File/ImageHeight" value="1080"/>
          <property name="File/ImageWidth" value="1920"/>
          <property name="System/FileModifyDate" value="2019:03:11 11:10:18"/>
          <property name="System/FileSize" value="487860"/>
        </meta>
      </photo>
    </camera>
    <camera camera_id="28">
      <photo path="../../../35.JPG">
        <meta>
          <property name="Exif/GPSAltitude" value="14.899999618523"/>
          <property name="Exif/GPSLatitude" value="40.3030474389283"/>
          <property name="Exif/GPSLongitude" value="74.636369333105"/>
          <property name="File/ImageHeight" value="1080"/>
          <property name="File/ImageWidth" value="1920"/>
          <property name="System/FileModifyDate" value="2019:03:11 11:10:18"/>
          <property name="System/FileSize" value="453268"/>
        </meta>
      </photo>
    </camera>
    <camera camera_id="29">
      <photo path="../../../36.JPG">
        <meta>
          <property name="Exif/GPSAltitude" value="14.8000001907349"/>
          <property name="Exif/GPSLatitude" value="40.3030491418967"/>
          <property name="Exif/GPSLongitude" value="74.6363677207534"/>
          <property name="File/ImageHeight" value="1080"/>
          <property name="File/ImageWidth" value="1920"/>
          <property name="System/FileModifyDate" value="2019:03:11 11:10:18"/>
          <property name="System/FileSize" value="697960"/>
        </meta>
      </photo>
    </camera>
    <camera camera_id="30">
      <photo path="../../../37.JPG">
        <meta>
          <property name="Exif/GPSAltitude" value="14.899999618523"/>
          <property name="Exif/GPSLatitude" value="40.3030493922086"/>
          <property name="Exif/GPSLongitude" value="74.6363640064077"/>
          <property name="File/ImageHeight" value="1080"/>
          <property name="File/ImageWidth" value="1920"/>
          <property name="System/FileModifyDate" value="2019:03:11 11:10:19"/>
          <property name="System/FileSize" value="693102"/>
        </meta>
      </photo>
    </camera>
    <camera camera_id="31">
      <photo path="../../../38.JPG">
        <meta>
          <property name="Exif/GPSAltitude" value="14.899999618523"/>
          <property name="Exif/GPSLatitude" value="40.3030505973976"/>
          <property name="Exif/GPSLongitude" value="74.6363624267432"/>
          <property name="File/ImageHeight" value="1080"/>
          <property name="File/ImageWidth" value="1920"/>
          <property name="System/FileModifyDate" value="2019:03:11 11:10:19"/>
          <property name="System/FileSize" value="723203"/>
        </meta>
      </photo>
    </camera>
    <camera camera_id="32">
      <photo path="../../../39.JPG">
        <meta>
          <property name="Exif/GPSAltitude" value="14.8000001907349"/>
          <property name="Exif/GPSLatitude" value="40.303072780788"/>
          <property name="Exif/GPSLongitude" value="74.6363658034729"/>
          <property name="File/ImageHeight" value="1080"/>
          <property name="File/ImageWidth" value="1920"/>
          <property name="System/FileModifyDate" value="2019:03:11 11:10:20"/>
          <property name="System/FileSize" value="734042"/>
        </meta>
      </photo>
    </camera>
    <camera camera_id="34">
      <photo path="../../../40.JPG">
        <meta>
          <property name="Exif/GPSAltitude" value="15"/>
          <property name="Exif/GPSLatitude" value="40.303083067462"/>
          <property name="Exif/GPSLongitude" value="74.6363670161733"/>
          <property name="File/ImageHeight" value="1080"/>
          <property name="File/ImageWidth" value="1920"/>
          <property name="System/FileModifyDate" value="2019:03:11 11:10:20"/>
          <property name="System/FileSize" value="454789"/>
        </meta>
      </photo>
    </camera>
    <camera camera_id="35">
      <photo path="../../../41.JPG">
        <meta>
          <property name="Exif/GPSAltitude" value="15"/>
          <property name="Exif/GPSLatitude" value="40.3030875338753"/>
          <property name="Exif/GPSLongitude" value="74.6363670865633"/>
          <property name="File/ImageHeight" value="1080"/>
          <property name="File/ImageWidth" value="1920"/>
          <property name="System/FileModifyDate" value="2019:03:11 11:10:20"/>
          <property name="System/FileSize" value="489820"/>
        </meta>
      </photo>
    </camera>
    <camera camera_id="36">
      <photo path="../../../42.JPG">
        <meta>
          <property name="Exif/GPSAltitude" value="15.6000003814697"/>
          <property name="Exif/GPSLatitude" value="40.3030910112359"/>
          <property name="Exif/GPSLongitude" value="74.6363669931592"/>
          <property name="File/ImageHeight" value="1080"/>
          <property name="File/ImageWidth" value="1920"/>
          <property name="System/FileModifyDate" value="2019:03:11 11:10:21"/>
          <property name="System/FileSize" value="462612"/>
        </meta>
      </photo>
    </camera>
    <camera camera_id="37">
      <photo path="../../../43.JPG">
        <meta>
          <property name="Exif/GPSAltitude" value="16"/>
          <property name="Exif/GPSLatitude" value="40.3030918249856"/>
          <property name="Exif/GPSLongitude" value="74.6363687371582"/>
          <property name="File/ImageHeight" value="1080"/>
          <property name="File/ImageWidth" value="1920"/>
          <property name="System/FileModifyDate" value="2019:03:11 11:10:21"/>
          <property name="System/FileSize" value="702934"/>
        </meta>
      </photo>
    </camera>
    <camera camera_id="38">
      <photo path="../../../44.JPG">
        <meta>
          <property name="Exif/GPSAltitude" value="16.2000007629395"/>
          <property name="Exif/GPSLatitude" value="40.3030928886257"/>
          <property name="Exif/GPSLongitude" value="74.6363711215933"/>
          <property name="File/ImageHeight" value="1080"/>
          <property name="File/ImageWidth" value="1920"/>
          <property name="System/FileModifyDate" value="2019:03:11 11:10:21"/>
          <property name="System/FileSize" value="719621"/>
        </meta>
      </photo>
    </camera>
    <camera camera_id="39">
      <photo path="../../../45.JPG">
        <meta>
          <property name="Exif/GPSAltitude" value="16.2999992370314"/>
          <property name="Exif/GPSLatitude" value="40.3030937438326"/>
          <property name="Exif/GPSLongitude" value="74.6363734692053"/>
          <property name="File/ImageHeight" value="1080"/>
          <property name="File/ImageWidth" value="1920"/>
          <property name="System/FileModifyDate" value="2019:03:11 11:10:22"/>
          <property name="System/FileSize" value="702491"/>
        </meta>
      </photo>
    </camera>
    <camera camera_id="40">
      <photo path="../../../46.JPG">
        <meta>
          <property name="Exif/GPSAltitude" value="16.2999992370314"/>
          <property name="Exif/GPSLatitude" value="40.3030944185358"/>
          <property name="Exif/GPSLongitude" value="74.6363755440585"/>
          <property name="File/ImageHeight" value="1080"/>
          <property name="File/ImageWidth" value="1920"/>
          <property name="System/FileModifyDate" value="2019:03:11 11:10:22"/>
          <property name="System/FileSize" value="674066"/>
        </meta>
      </photo>
    </camera>
    <camera camera_id="41">
      <photo path="../../../47.JPG">
        <meta>
          <property name="Exif/GPSAltitude" value="16.2999992370314"/>
          <property name="Exif/GPSLatitude" value="40.3030922630317"/>
          <property name="Exif/GPSLongitude" value="74.6363928076699"/>
          <property name="File/ImageHeight" value="1080"/>
          <property name="File/ImageWidth" value="1920"/>
          <property name="System/FileModifyDate" value="2019:03:11 11:10:22"/>
          <property name="System/FileSize" value="637551"/>
        </meta>
      </photo>
    </camera>
    <camera camera_id="42">
      <photo path="../../../48.JPG">
        <meta>
          <property name="Exif/GPSAltitude" value="16.2999992370314"/>
          <property name="Exif/GPSLatitude" value="40.3030783290587"/>
          <property name="Exif/GPSLongitude" value="74.6364312554015"/>
          <property name="File/ImageHeight" value="1080"/>
          <property name="File/ImageWidth" value="1920"/>
          <property name="System/FileModifyDate" value="2019:03:11 11:10:23"/>
          <property name="System/FileSize" value="654240"/>
        </meta>
      </photo>
    </camera>
    <camera camera_id="43">
      <photo path="../../../49.JPG">
        <meta>
          <property name="Exif/GPSAltitude" value="16.2999992370314"/>
          <property name="Exif/GPSLatitude" value="40.3030543451566"/>
          <property name="Exif/GPSLongitude" value="74.6364623463189"/>
          <property name="File/ImageHeight" value="1080"/>
          <property name="File/ImageWidth" value="1920"/>
          <property name="System/FileModifyDate" value="2019:03:11 11:10:23"/>
          <property name="System/FileSize" value="659849"/>
        </meta>
      </photo>
    </camera>
    <camera camera_id="45">
      <photo path="../../../50.JPG">
        <meta>
          <property name="Exif/GPSAltitude" value="16.2999992370314"/>
          <property name="Exif/GPSLatitude" value="40.3030234326089"/>
          <property name="Exif/GPSLongitude" value="74.6364777801917"/>
          <property name="File/ImageHeight" value="1080"/>
          <property name="File/ImageWidth" value="1920"/>
          <property name="System/FileModifyDate" value="2019:03:11 11:10:23"/>
          <property name="System/FileSize" value="645226"/>
        </meta>
      </photo>
    </camera>
    <camera camera_id="46">
      <photo path="../../../51.JPG">
        <meta>
          <property name="Exif/GPSAltitude" value="16.3999996185303"/>
          <property name="Exif/GPSLatitude" value="40.3029911062378"/>
          <property name="Exif/GPSLongitude" value="74.6364771146873"/>
          <property name="File/ImageHeight" value="1080"/>
          <property name="File/ImageWidth" value="1920"/>
          <property name="System/FileModifyDate" value="2019:03:11 11:10:24"/>
          <property name="System/FileSize" value="629039"/>
        </meta>
      </photo>
    </camera>
    <camera camera_id="47">
      <photo path="../../../52.JPG">
        <meta>
          <property name="Exif/GPSAltitude" value="16.5"/>
          <property name="Exif/GPSLatitude" value="40.3029609891281"/>
          <property name="Exif/GPSLongitude" value="74.6364620388669"/>
          <property name="File/ImageHeight" value="1080"/>
          <property name="File/ImageWidth" value="1920"/>
          <property name="System/FileModifyDate" value="2019:03:11 11:10:24"/>
          <property name="System/FileSize" value="593108"/>
        </meta>
      </photo>
    </camera>
    <camera camera_id="48">
      <photo path="../../../53.JPG">
        <meta>
          <property name="Exif/GPSAltitude" value="16.5"/>
          <property name="Exif/GPSLatitude" value="40.3029364102888"/>
          <property name="Exif/GPSLongitude" value="74.6364337191064"/>
          <property name="File/ImageHeight" value="1080"/>
          <property name="File/ImageWidth" value="1920"/>
          <property name="System/FileModifyDate" value="2019:03:11 11:10:25"/>
          <property name="System/FileSize" value="630690"/>
        </meta>
      </photo>
    </camera>
    <camera camera_id="49">
      <photo path="../../../54.JPG">
        <meta>
          <property name="Exif/GPSAltitude" value="16.5"/>
          <property name="Exif/GPSLatitude" value="40.3029214327909"/>
          <property name="Exif/GPSLongitude" value="74.6363953722334"/>
          <property name="File/ImageHeight" value="1080"/>
          <property name="File/ImageWidth" value="1920"/>
          <property name="System/FileModifyDate" value="2019:03:11 11:10:25"/>
          <property name="System/FileSize" value="656020"/>
        </meta>
      </photo>
    </camera>
    <camera camera_id="50">
      <photo path="../../../55.JPG">
        <meta>
          <property name="Exif/GPSAltitude" value="16.5"/>
          <property name="Exif/GPSLatitude" value="40.3029168391994"/>
          <property name="Exif/GPSLongitude" value="74.6363572260436"/>
          <property name="File/ImageHeight" value="1080"/>
          <property name="File/ImageWidth" value="1920"/>
          <property name="System/FileModifyDate" value="2019:03:11 11:10:25"/>
          <property name="System/FileSize" value="636397"/>
        </meta>
      </photo>
    </camera>
    <camera camera_id="51">
      <photo path="../../../56.JPG">
        <meta>
          <property name="Exif/GPSAltitude" value="16.2999992370314"/>
          <property name="Exif/GPSLatitude" value="40.3029228722043"/>
          <property name="Exif/GPSLongitude" value="74.6363151126273"/>
          <property name="File/ImageHeight" value="1080"/>
          <property name="File/ImageWidth" value="1920"/>
          <property name="System/FileModifyDate" value="2019:03:11 11:10:26"/>
          <property name="System/FileSize" value="615121"/>
        </meta>
      </photo>
    </camera>
    <camera camera_id="52">
      <photo path="../../../57.JPG">
        <meta>
          <property name="Exif/GPSAltitude" value="16.2999992370314"/>
          <property name="Exif/GPSLatitude" value="40.3029419905771"/>
          <property name="Exif/GPSLongitude" value="74.6362752081707"/>
          <property name="File/ImageHeight" value="1080"/>
          <property name="File/ImageWidth" value="1920"/>
          <property name="System/FileModifyDate" value="2019:03:11 11:10:26"/>
          <property name="System/FileSize" value="629009"/>
        </meta>
      </photo>
    </camera>
    <camera camera_id="53">
      <photo path="../../../58.JPG">
        <meta>
          <property name="Exif/GPSAltitude" value="16.3999996185303"/>
          <property name="Exif/GPSLatitude" value="40.302968138913"/>
          <property name="Exif/GPSLongitude" value="74.6362481485279"/>
          <property name="File/ImageHeight" value="1080"/>
          <property name="File/ImageWidth" value="1920"/>
          <property name="System/FileModifyDate" value="2019:03:11 11:10:26"/>
          <property name="System/FileSize" value="631810"/>
        </meta>
      </photo>
    </camera>
    <camera camera_id="54">
      <photo path="../../../59.JPG">
        <meta>
          <property name="Exif/GPSAltitude" value="16.2999992370314"/>
          <property name="Exif/GPSLatitude" value="40.3029996970993"/>
          <property name="Exif/GPSLongitude" value="74.6362349433512"/>
          <property name="File/ImageHeight" value="1080"/>
          <property name="File/ImageWidth" value="1920"/>
          <property name="System/FileModifyDate" value="2019:03:11 11:10:27"/>
          <property name="System/FileSize" value="641164"/>
        </meta>
      </photo>
    </camera>
    <camera camera_id="56">
      <photo path="../../../60.JPG">
        <meta>
          <property name="Exif/GPSAltitude" value="16.2999992370314"/>
          <property name="Exif/GPSLatitude" value="40.3030293064048"/>
          <property name="Exif/GPSLongitude" value="74.6362369030215"/>
          <property name="File/ImageHeight" value="1080"/>
          <property name="File/ImageWidth" value="1920"/>
          <property name="System/FileModifyDate" value="2019:03:11 11:10:27"/>
          <property name="System/FileSize" value="633860"/>
        </meta>
      </photo>
    </camera>
    <camera camera_id="57">
      <photo path="../../../61.JPG">
        <meta>
          <property name="Exif/GPSAltitude" value="16.2999992370314"/>
          <property name="Exif/GPSLatitude" value="40.3030622086798"/>
          <property name="Exif/GPSLongitude" value="74.6362556819563"/>
          <property name="File/ImageHeight" value="1080"/>
          <property name="File/ImageWidth" value="1920"/>
          <property name="System/FileModifyDate" value="2019:03:11 11:10:27"/>
          <property name="System/FileSize" value="636398"/>
        </meta>
      </photo>
    </camera>
    <camera camera_id="58">
      <photo path="../../../62.JPG">
        <meta>
          <property name="Exif/GPSAltitude" value="16.2000007629395"/>
          <property name="Exif/GPSLatitude" value="40.3030832717418"/>
          <property name="Exif/GPSLongitude" value="74.6362818163307"/>
          <property name="File/ImageHeight" value="1080"/>
          <property name="File/ImageWidth" value="1920"/>
          <property name="System/FileModifyDate" value="2019:03:11 11:10:28"/>
          <property name="System/FileSize" value="640040"/>
        </meta>
      </photo>
    </camera>
    <camera camera_id="59">
      <photo path="../../../63.JPG">
        <meta>
          <property name="Exif/GPSAltitude" value="16.2000007629395"/>
          <property name="Exif/GPSLatitude" value="40.3030993501448"/>
          <property name="Exif/GPSLongitude" value="74.6363229828766"/>
          <property name="File/ImageHeight" value="1080"/>
          <property name="File/ImageWidth" value="1920"/>
          <property name="System/FileModifyDate" value="2019:03:11 11:10:28"/>
          <property name="System/FileSize" value="654919"/>
        </meta>
      </photo>
    </camera>
    <camera camera_id="60">
      <photo path="../../../64.JPG">
        <meta>
          <property name="Exif/GPSAltitude" value="16.2000007629395"/>
          <property name="Exif/GPSLatitude" value="40.3031016502129"/>
          <property name="Exif/GPSLongitude" value="74.6363667876419"/>
          <property name="File/ImageHeight" value="1080"/>
          <property name="File/ImageWidth" value="1920"/>
          <property name="System/FileModifyDate" value="2019:03:11 11:10:28"/>
          <property name="System/FileSize" value="705128"/>
        </meta>
      </photo>
    </camera>
    <camera camera_id="61">
      <photo path="../../../65.JPG">
        <meta>
          <property name="Exif/GPSAltitude" value="16.2999992370314"/>
          <property name="Exif/GPSLatitude" value="40.303094589372"/>
          <property name="Exif/GPSLongitude" value="74.6364027866866"/>
          <property name="File/ImageHeight" value="1080"/>
          <property name="File/ImageWidth" value="1920"/>
          <property name="System/FileModifyDate" value="2019:03:11 11:10:29"/>
          <property name="System/FileSize" value="742027"/>
        </meta>
      </photo>
    </camera>
  </cameras>
  <thumbnails path="thumbnails/thumbnails.zip"/>
  <point_cloud path="point_cloud/point_cloud.zip"/>
  <dense_cloud path="dense_cloud/dense_cloud.zip"/>
</frame>
