<?xml version="1.0" encoding="UTF-8"?>
<point_cloud version="1.2.0">
  <params>
    <dataType>uint8</dataType>
    <bands>
      <band label="Red"/>
      <band label="Green"/>
      <band label="Blue"/>
    </bands>
  </params>
  <tracks path="tracks.ply" count="35601"/>
  <points path="points.ply" count="28723"/>
  <projections camera_id="0" path="p0.ply" count="2120"/>
  <projections camera_id="1" path="p1.ply" count="3171"/>
  <projections camera_id="2" path="p2.ply" count="2968"/>
  <projections camera_id="3" path="p3.ply" count="2781"/>
  <projections camera_id="4" path="p4.ply" count="1984"/>
  <projections camera_id="5" path="p5.ply" count="1569"/>
  <projections camera_id="6" path="p6.ply" count="1423"/>
  <projections camera_id="7" path="p7.ply" count="1560"/>
  <projections camera_id="8" path="p8.ply" count="1533"/>
  <projections camera_id="9" path="p9.ply" count="1694"/>
  <projections camera_id="10" path="p10.ply" count="1741"/>
  <projections camera_id="11" path="p11.ply" count="2385"/>
  <projections camera_id="12" path="p12.ply" count="1791"/>
  <projections camera_id="13" path="p13.ply" count="1710"/>
  <projections camera_id="14" path="p14.ply" count="1601"/>
  <projections camera_id="15" path="p15.ply" count="1633"/>
  <projections camera_id="16" path="p16.ply" count="1719"/>
  <projections camera_id="17" path="p17.ply" count="1935"/>
  <projections camera_id="18" path="p18.ply" count="2366"/>
  <projections camera_id="19" path="p19.ply" count="2958"/>
  <projections camera_id="20" path="p20.ply" count="2915"/>
  <projections camera_id="21" path="p21.ply" count="2825"/>
  <projections camera_id="22" path="p22.ply" count="2198"/>
  <projections camera_id="23" path="p23.ply" count="3019"/>
  <projections camera_id="24" path="p24.ply" count="3110"/>
  <projections camera_id="25" path="p25.ply" count="2772"/>
  <projections camera_id="26" path="p26.ply" count="3056"/>
  <projections camera_id="27" path="p27.ply" count="3761"/>
  <projections camera_id="28" path="p28.ply" count="3669"/>
  <projections camera_id="29" path="p29.ply" count="2561"/>
  <projections camera_id="30" path="p30.ply" count="2551"/>
  <projections camera_id="31" path="p31.ply" count="2421"/>
  <projections camera_id="32" path="p32.ply" count="2224"/>
  <projections camera_id="33" path="p33.ply" count="2077"/>
  <projections camera_id="34" path="p34.ply" count="3180"/>
  <projections camera_id="35" path="p35.ply" count="3482"/>
  <projections camera_id="36" path="p36.ply" count="3274"/>
  <projections camera_id="37" path="p37.ply" count="3471"/>
  <projections camera_id="38" path="p38.ply" count="3470"/>
  <projections camera_id="39" path="p39.ply" count="3471"/>
  <projections camera_id="40" path="p40.ply" count="3157"/>
  <projections camera_id="41" path="p41.ply" count="2491"/>
  <projections camera_id="42" path="p42.ply" count="1795"/>
  <projections camera_id="43" path="p43.ply" count="1630"/>
  <projections camera_id="44" path="p44.ply" count="1925"/>
  <projections camera_id="45" path="p45.ply" count="1577"/>
  <projections camera_id="46" path="p46.ply" count="1831"/>
  <projections camera_id="47" path="p47.ply" count="2061"/>
  <projections camera_id="48" path="p48.ply" count="2028"/>
  <projections camera_id="49" path="p49.ply" count="1952"/>
  <projections camera_id="50" path="p50.ply" count="1876"/>
  <projections camera_id="51" path="p51.ply" count="1792"/>
  <projections camera_id="52" path="p52.ply" count="1803"/>
  <projections camera_id="53" path="p53.ply" count="1829"/>
  <projections camera_id="54" path="p54.ply" count="1846"/>
  <projections camera_id="55" path="p55.ply" count="2908"/>
  <projections camera_id="56" path="p56.ply" count="2001"/>
  <projections camera_id="57" path="p57.ply" count="2131"/>
  <projections camera_id="58" path="p58.ply" count="2538"/>
  <projections camera_id="59" path="p59.ply" count="3482"/>
  <projections camera_id="60" path="p60.ply" count="3188"/>
  <projections camera_id="61" path="p61.ply" count="3101"/>
  <projections camera_id="62" path="p62.ply" count="3322"/>
  <projections camera_id="63" path="p63.ply" count="3807"/>
  <projections camera_id="64" path="p64.ply" count="3173"/>
  <meta>
    <property name="match/duration" value="6.489"/>
    <property name="match/match_downscale" value="1"/>
    <property name="match/match_point_limit" value="100000"/>
    <property name="match/match_preselection_generic" value="true"/>
    <property name="match/match_preselection_reference" value="true"/>
    <property name="match/match_tiepoint_limit" value="0"/>
  </meta>
</point_cloud>
