<?xml version="1.0" encoding="UTF-8"?>
<dense_cloud version="1.2.0">
  <tiles>
    <tile path="dense_cloud.oc3">
      <totalCount>2623079</totalCount>
      <validCount>2623079</validCount>
      <pointCount class="0">2623079</pointCount>
    </tile>
  </tiles>
  <params>
    <dataType>uint8</dataType>
    <bands>
      <band label="Red"/>
      <band label="Green"/>
      <band label="Blue"/>
    </bands>
  </params>
  <meta>
    <property name="dense_cloud/density" value="100"/>
    <property name="dense_cloud/depth_downscale" value="2"/>
    <property name="dense_cloud/depth_filter_mode" value="2"/>
    <property name="dense_cloud/duration" value="78.972"/>
    <property name="dense_cloud/resolution" value="0.0343004840420971"/>
    <property name="depth/duration" value="207.557"/>
  </meta>
</dense_cloud>
